,construct,Ef_cell,Ef_cell_std,Ef_cyto,Ef_cyto_std,Ef_nuc,Ef_nuc_std,directA_N/C_Q9,directA_N/C_Q9_std,n_wells,n_cells,n_plates
0,1-50_WT,0.4545798595443571,0.018230028694648685,0.45559044258338105,0.017982325176153394,0.45188155871384644,0.01541225718546487,1.0402075605111452,0.07105350550394435,9,319,3
1,1-50_N14K,0.4455066230224067,0.008602630720255003,0.4452480513171559,0.008636024988411635,0.44600502197545616,0.00793185147123344,1.0932635030942213,0.04389617272699929,12,1013,3
2,1-50_P7L,0.46853883122067136,0.0153087901946114,0.4687145870750772,0.016120960387165997,0.46799442963880694,0.013689204596204738,1.0467195432274732,0.11450535309826601,10,491,3
3,1-50_Q28R,0.45637830067322477,0.010763673907016928,0.43120408614559685,0.04094344449511449,0.43849161554112115,0.040528568623923504,1.3137321877099726,0.078210719552053,12,987,3
4,1-50_S22I,0.4792553999113974,0.008362276394301088,0.4556221615306806,0.035538523464698255,0.45506308310220017,0.034574053069325685,1.1058289702587543,0.061903009694204904,11,675,3
5,21-70_WT,0.41160431980808093,0.015321280916231726,0.41256355580755805,0.01592683137256446,0.4094993459930061,0.015593323036219789,0.9998288280393569,0.05803583394395383,16,822,4
6,21-70_Q28R,0.4112931683096655,0.008560142722488314,0.3895871894028703,0.04160091923719432,0.39335092732630805,0.039293104294668806,1.6996481137696926,0.1595674668313679,11,981,3
7,41-90_WT,0.4560582681126944,0.0074624991629368784,0.4558628074043613,0.008034217154582255,0.4571043767527623,0.006530292085591498,1.2789437303721654,0.028574820132992767,12,983,3
8,61-110_WT,0.3857965856703576,0.012988717136228067,0.387250600705537,0.013832955013021214,0.3847207809957873,0.01164639416890621,1.2008465125448833,0.043480155110369616,16,1443,4
9,81-130_WT,0.3568105865491971,0.007200797892038601,0.35353196088720235,0.00848316100301313,0.35777389121942477,0.00492616800439972,1.5678364077884315,0.09606959218074237,12,1438,3
10,101-150_WT,0.3346536722458238,0.010283536732882171,0.33075449437054455,0.011163147529499054,0.3359371946636183,0.009538141021753897,1.8554767872811406,0.26032254389434123,16,1553,4
11,101-150_A112V,0.3366886576860273,0.0075704555305887,0.307932947341172,0.037520864767581735,0.3114867450109074,0.03864121186789136,1.815716485278504,0.20233164435182763,12,799,3
12,101-150_A114S,0.3393729548332307,0.007207655187329313,0.3105106987073107,0.036564229158191956,0.313520265336579,0.035245418378380064,1.8377193665814975,0.13731079435017646,12,929,3
13,101-150_R115Q,0.3365270574096742,0.004597426248697293,0.3122018476542951,0.03568980641696983,0.3099733147713522,0.03753259516052318,1.3807194428013656,0.06412153675804474,12,1102,3
14,101-150_R115W,0.3636734479760919,0.008216865062446382,0.33883995090618124,0.037116245653088964,0.33783411692377885,0.03609257223058555,1.4457116677978645,0.05914145477997304,12,1099,3
15,121-170_WT,0.333217664240402,0.010809752927127105,0.33363557927568976,0.011519691210907597,0.3329221527922868,0.010137864092112887,1.2805157764755568,0.03155106750987642,15,1807,4
16,121-170_A158T,0.4060935024522093,0.015526668063155646,0.4070273404628021,0.01586757619473103,0.4032009560632058,0.014662325426576639,1.009803586055758,0.06634718857798502,13,951,3
17,121-170_G122D,0.329869342525186,0.014865725931950903,0.33033979557718,0.01535759919930793,0.32826739534355226,0.01381609958701924,1.2632607217883518,0.03307652799415485,11,448,3
18,121-170_I162H,0.34401472888639156,0.005900857684176702,0.3161846657682248,0.045974221534354945,0.31547443907722655,0.04429904210400714,1.25771844839713,0.04860949126264585,12,1015,3
19,121-170_I162L,0.34194283557504124,0.006223383959805726,0.34239932203673235,0.006164861774357976,0.33972109751715257,0.005012111062396651,1.2626912514804876,0.03222513473277668,10,963,3
20,121-170_W163R,0.3268289693499324,0.008156881944956689,0.31742586159653813,0.037044809404981,0.3148205053455066,0.03581168943836601,1.265360671753565,0.021472035432670733,9,626,3
21,121-170_Y142C,0.3229986457956027,0.012676122985807356,0.3230912228579616,0.012183658522231296,0.3232482101610102,0.012258037237872893,1.2706283367018314,0.04414505543574489,14,1108,3
22,141-190_WT,0.3406134009927963,0.011957931928870872,0.3195122479827602,0.04766319014928493,0.32008762337164043,0.04569480326541649,1.2814466424937905,0.0533709444142191,15,1156,3
23,141-190_A158T,0.3344519784734091,0.01093420143970763,0.33410237385024516,0.011455867612112721,0.33488206887966115,0.009505092359509332,1.2480222492458122,0.03201808293160858,14,973,3
24,141-190_I162H,0.33922516427401983,0.011539768924634881,0.33921590118220046,0.011744769304606705,0.3399575842808131,0.011094257308156826,1.2325751899547162,0.05264726797972737,15,1008,3
25,141-190_I162L,0.3482773234770052,0.006740615816799123,0.3488343272234011,0.006887123419617044,0.34723573673728414,0.008427741027777215,1.2573903303481015,0.034615939423993845,11,1135,3
26,141-190_P144Q,0.3350879038365053,0.013140099322011519,0.3112429094758086,0.0481576377893899,0.31270832757441963,0.04605633993610178,1.2456438968614583,0.0407490643835194,12,605,3
27,141-190_P153I,0.33944759153144044,0.016145747700480294,0.3131941923414291,0.05169343219771945,0.3143467659097446,0.050097845288654366,1.2573457147943805,0.036632412227010205,11,960,3
28,141-190_P165I,0.34646559996653264,0.013709286279120714,0.29224342694191346,0.038483375543512895,0.29283940831169436,0.03913970484812065,1.2725297521189736,0.03285195590022756,11,1087,3
29,141-190_P184L,0.3522094594707827,0.0037464469974394137,0.3520684388089517,0.004114615597764187,0.3523318860178967,0.003915102366520772,1.2683135189489327,0.061740340929418366,12,905,3
30,141-190_R176W,0.3737916160702624,0.0064521338515645165,0.3741702181862156,0.007428946409880851,0.37501363623174117,0.005531332939638763,1.2424485717110973,0.05526136835029514,15,877,3
31,141-190_S188I,0.33634380015205995,0.01739195378196991,0.2970140186842497,0.05845109632781464,0.29856499596362557,0.05791687950167505,1.251058557665525,0.04070907389553452,8,668,2
32,141-190_T155F,0.35960689567042053,0.0121900837524415,0.30930670097587964,0.0459877934462365,0.31117453945604484,0.04467006117031651,1.2781530630138636,0.024832437176351405,12,1255,3
33,141-190_T159W,0.39763440031749303,0.012218826697927381,0.34900663401069904,0.0404049407016351,0.35510261968210455,0.039257039308500156,1.2331591526352217,0.03614399189580057,12,1039,3
34,141-190_T187F,0.36088308292207055,0.011974642074325186,0.3100577002495142,0.039872571549679006,0.31276131014833985,0.03974005749576105,1.2538986404219978,0.05407098215807085,12,1121,3
35,141-190_V160Q,0.3415501938315812,0.011736614983434117,0.2894361849218598,0.038265060880843894,0.29188007584198544,0.038192950150787594,1.2543865960558855,0.04596038478731299,12,1036,3
36,141-190_W163D,0.31984483135868563,0.005574985766963949,0.32035161256693645,0.005424495604528926,0.3193367849411224,0.0048702610148181795,1.2528698922140364,0.046864421772253466,8,748,2
37,141-190_W163R,0.313244639540205,0.015778533973895233,0.28776633300138554,0.04853366988257027,0.2890732746853687,0.04588313481779841,1.2432986421346388,0.04429020249164893,20,1177,6
38,141-190_Y142C,0.3364440193110787,0.01200095367649434,0.33666311087948764,0.012122532685231089,0.3373516088125763,0.011166180332105702,1.2530229699276876,0.038730350575757785,16,1291,3
39,161-210_WT,0.3919821738001238,0.01102205919762659,0.3932416992236412,0.011512320771715,0.389888316902867,0.01043145896747696,1.0568056154746273,0.037784327187506676,16,1804,4
40,161-210_A192D,0.39044026977746404,0.0037951958610653075,0.39143906484203433,0.0035490485623429218,0.38777928077918244,0.004017742516346699,0.9768689195454879,0.06364440254329379,8,879,2
41,161-210_A196V,0.41183271139825833,0.0053757692780149365,0.41344882873615996,0.005447728067803181,0.4097375460478324,0.005237624873811663,1.0213790268035914,0.06240706323642177,8,1000,2
42,161-210_G178R,0.4087749776613591,0.006100781911467362,0.3862094328328431,0.03881470446395016,0.382259212100555,0.03914099217498614,1.0777337469978787,0.04747773346429573,12,1138,3
43,161-210_I162H,0.39892085838942776,0.004406941095095983,0.37618699133609806,0.03773065699508416,0.37227044672220316,0.038024114731346745,1.0296401461931535,0.047714732653388166,12,823,3
44,161-210_I162L,0.38197699281902925,0.003343720782856836,0.3830517053731411,0.003074641679648725,0.38023981847321664,0.0033266496902822277,0.9694529947490745,0.04617863197071695,8,890,2
45,161-210_R176W,0.4355917942288364,0.007686509443719031,0.4158397101545998,0.03361520943262365,0.41385947304676807,0.0342388981215734,1.11194583169353,0.03836253883192445,13,812,3
46,161-210_T187F,0.4266460147729725,0.0050978677262914695,0.4049289794779429,0.037102218066318846,0.4005689754546462,0.0378486242701246,1.0972540972606628,0.04972988241238553,12,889,3
47,161-210_T187I,0.4084257413222672,0.007538043281427911,0.38469016100625275,0.03493424385778465,0.3813693284272612,0.03518734238715637,1.0677133824809244,0.03553156748934431,12,935,3
48,161-210_W163R,0.3823574457278676,0.015414823893822632,0.37216011153947504,0.045863656786142876,0.36903695973144895,0.04268600738233318,1.0617226628949281,0.05954265549680773,7,459,3
49,181-230_WT,0.43881791260121117,0.007567737498763311,0.4401157434148747,0.00766803486078022,0.43642150391483525,0.0077942507641541444,1.1255931884023322,0.04960581781059729,16,1890,4
50,181-230_A192D,0.4195237700388389,0.005907963342758649,0.4201479573658611,0.006251045210840386,0.41936291343377285,0.0056342063919267655,1.2653384570189339,0.033543548218494514,8,609,2
51,181-230_A196V,0.44714924212870427,0.004343002253786005,0.44953248847916355,0.005138779689088355,0.44473991765896714,0.004948615971139608,1.090330217867925,0.03429747203299314,7,506,2
52,181-230_P211L,0.44873564430948054,0.012965626927840663,0.40867410976486734,0.03999240701702558,0.4053847458651737,0.04465027506256805,1.167704144640554,0.057434611896614966,7,289,3
53,181-230_S213F,0.4613761024975585,0.007550839536776093,0.4402021411973305,0.038670640038778695,0.4357072963287131,0.037199182175288135,1.156446052815,0.04203454695566195,11,590,3
54,181-230_T187F,0.458960650354767,0.006941379085467325,0.4079569420994564,0.02930722633066919,0.4085462800675767,0.029964851801522856,1.1310734054939062,0.030692375575049405,5,231,2
55,201-250_WT,0.44164612171268247,0.00859475657542093,0.4407936605447031,0.008930649984358212,0.4413939416940272,0.008903383890198267,1.2902102915862708,0.04746408878025253,16,1397,4
56,201-250_P211L,0.4799088500529521,0.005603312168040232,0.46134180020812543,0.03144409467549434,0.4606834779515886,0.03214441791055655,1.196995818493271,0.021696151347674917,13,586,3
57,221-270_WT,0.41392563452592884,0.010051502871838801,0.40550285540938186,0.029778713864630543,0.4038870904564366,0.028402875435045005,0.8670775453595422,0.06593277247280596,23,1518,6
58,221-270_A247C,0.42278976645325705,0.006138052212574787,0.42325621305946565,0.006927347899358706,0.4222962417992724,0.006288849287315898,0.875196429403239,0.0629373220551556,8,533,2
59,221-270_D265E,0.41339276595993757,0.005884753925725197,0.38901231697921157,0.03526226353048815,0.38487004223568505,0.03643751126288244,0.9093100446663027,0.07143211740962126,11,600,3
60,221-270_D265V,0.41272713550681317,0.01597628019429381,0.3918700816576474,0.047025259195965965,0.3891498679239749,0.044263389779302144,0.9799551159209265,0.046103630046301275,12,848,3
61,221-270_D265Y,0.43017377512730404,0.014121692880944881,0.39796319079013903,0.04355518085575359,0.39521752698340307,0.043184103339822734,1.007048223324045,0.05514362210370595,16,1343,4
62,221-270_F269Q,0.38770116386403447,0.018875270636013592,0.364718533307601,0.052638506459613765,0.36503152602083794,0.05119137712858357,1.2839393495213793,0.08821721838769733,12,715,3
63,221-270_F269Y,0.4781021344523959,0.013244076766821627,0.4577272263459263,0.04488871975013887,0.44861819042717527,0.04399609574153165,1.0436432235497304,0.08406208517044055,11,681,3
64,221-270_K270W,0.4665980680848671,0.014252611727337482,0.444329808464462,0.04647187537990476,0.440463803082477,0.04599712030694659,0.8562951995378255,0.0783954484138004,11,397,3
65,221-270_L222A,0.39735348810204574,0.013116615402726415,0.37758357657690084,0.04534026732448115,0.37310482000578077,0.04481351205333861,0.8727937263011148,0.08214376931096008,11,632,2
66,221-270_L267I,0.4031454275477243,0.012295552250287325,0.3758956309254384,0.047579648176435264,0.3731489095525061,0.04812602905244569,0.9581561152870472,0.042164481084025526,10,578,3
67,221-270_M225L,0.42338380171571866,0.009680379621852631,0.4247141427519519,0.009671857166386456,0.4184556298246527,0.009064603967223497,0.832200319775649,0.049796650627909965,8,780,2
68,221-270_P232E,0.40605493893508154,0.016188251686499282,0.3827464074258358,0.049894643298405,0.3796705615307196,0.047055474786758276,0.8788578191606323,0.10197209737017368,12,738,3
69,221-270_S238Y,0.43754156994455856,0.011619155665041726,0.42595656153638156,0.03934909634498381,0.4210105324582163,0.03698877656801983,0.9031449564392163,0.11635545382732584,12,630,3
70,221-270_S245D,0.40707666258420017,0.01408675917745846,0.38275303700145286,0.04837173044380078,0.3798439612646575,0.04775535941417875,0.8454415042612397,0.06743099666801204,11,587,3
71,221-270_S245W,0.45616967586444185,0.008771846611339153,0.4569556241967042,0.009593913099587785,0.4532636046465455,0.0077623662781514825,0.8892457134032801,0.10204977290695566,8,397,2
72,221-270_S252F,0.42869169535828916,0.01585469048150272,0.37547013663151285,0.03827964880400127,0.3736254002086119,0.03424167497655903,0.9570842013262848,0.08715994115419969,8,348,3
73,221-270_V242M,0.4151705889667611,0.005643215164756095,0.41628741280048576,0.006487620711442849,0.41064894730218393,0.0041812379205315615,0.8410342080528417,0.06743171243697732,8,485,2
74,251-299_WT,0.4977892621448731,0.006109154294625655,0.4996310277990702,0.006090231082559185,0.49179076705497765,0.006072061892712405,1.059644462878338,0.0694684200651322,11,983,3
75,251-299_D265E,0.4937861325543142,0.006847359176148076,0.47569533811837045,0.03607717440200204,0.464825431435965,0.03691491354299948,0.9972849555861621,0.04763535727125612,12,741,3
76,251-299_D265V,0.6941200241279614,0.014666736917559728,0.7069493386012734,0.014194092264928408,0.6777446399642347,0.014470111536685253,0.804288612312947,0.10236471857008445,3,89,2
77,251-299_D265Y,0.6620245457742907,0.018763480165748574,0.6547745960694107,0.022293438780866592,0.6156975021669607,0.02416812763652765,0.7184152506466571,0.04710373780275268,20,1021,5
78,251-299_F269Y,0.4362800764073671,0.01760443497239986,0.42488194644756627,0.04517947240385055,0.4228648434757935,0.041138270662727176,1.1484941694030204,0.04060898900295524,10,484,3
79,251-299_I298N,0.48803216957364376,0.005415755820176012,0.4779463826127432,0.028591079893389555,0.4710786094700925,0.029618511409760122,1.0035313458693946,0.048069114426236036,10,711,3
80,251-299_L286P,0.49522346066989875,0.004870055675767558,0.4977631559003951,0.005984024181135501,0.4870897211908218,0.004626559255025712,0.9998892174704601,0.06727834781134318,7,482,2
81,251-299_N281D,0.4931323542560028,0.004876144468369658,0.4961044171960541,0.005260550639676654,0.4855248127190849,0.004424501739288282,0.9605605395009991,0.050753470039441854,8,733,2
82,251-299_S252F,0.5166421380727251,0.0129246447771093,0.48857994050817966,0.0417751996788404,0.4819573537690405,0.04018900629985201,1.071745021878092,0.06648098181392711,16,1386,4
83,251-299_V264L,0.4990037382854038,0.006311726992017516,0.48106245248501384,0.034554593147114725,0.47080430595288963,0.03344008619868798,1.0233896196714756,0.05279991721964504,12,625,3
