sample name,tubulin adj. volumn,CRX adj. volumn,relative expression level,roundup ,(exposure time 39.2 sec)
negative ,1406460,,0,0,
CRX WT,1652992,4153338,2.512618331,2.51,
P144Q,1431171,3550050,2.480521196,2.48,
P153I,1448238,2289222,1.58069461,1.58,
T155F,1462314,2660994,1.819714507,1.82,
T159W,1720070,2206480,1.282785003,1.28,
V160Q,1691802,2561428,1.514023509,1.51,
I162H,1717905,2725303,1.586410774,1.59,
P165I,1819630,2340234,1.286104318,1.29,
T187F,2161830,2624679,1.214100554,1.21,
S188I,1643097,5452740,3.318574619,3.32,
L222A,1734474,3291084,1.897453637,1.9,
P232E,1808500,3035430,1.678424108,1.68,
S245D,1887669,4025154,2.132340998,2.13,
S245W,1780359,3402126,1.910921337,1.91,
A247C,1941723,3818672,1.966640968,1.97,
D265V,2072312,2820640,1.361107787,1.36,
L267I,2054500,4855200,2.363202726,2.36,
F269Q,2141840,3455342,1.613258693,1.61,
K270W,2511075,4808826,1.915046743,1.92,