,Tile,avg_median_Ef,std_dev_median,Activity_Mean_MSS18,Activity_std_MSS18,ADseq,Rg,disorder,Re,Asphericity,ID,NCPR,FCR,kappa,hy_KD,hy_clust,aro_clust,AEM clustering,SCD,SHD,Aromatic Fraction,Negative Charge Fraction,AEM Fraction,predicted_average_disorder
0,1-51,0.46633941433668685,0.010207617810510203,0.0,12.55375571,MMAYMNPGPHYSVNALALSGPSVDLMHQAVPYPSAPRKQRRERTTFTRSQ,20.49471599378757,"[0.8289, 0.8433, 0.8136, 0.7821, 0.7724, 0.7718, 0.7721, 0.7688, 0.7717, 0.7578, 0.7595, 0.768, 0.7928, 0.797, 0.8099, 0.8112, 0.8093, 0.8149, 0.8105, 0.8093, 0.8133, 0.8134, 0.8091, 0.7911, 0.786, 0.7869, 0.7856, 0.7884, 0.7849, 0.7799, 0.7576, 0.7787, 0.7743, 0.8012, 0.8087, 0.8101, 0.8206, 0.8273, 0.8328, 0.8388, 0.839, 0.8366, 0.8407, 0.8341, 0.8256, 0.8189, 0.8161, 0.819, 0.8056, 0.7174]",48.55772134418911,0.42592698,13,0.08,0.16,0.333449512720108,3.814,0.354980319738388,0.2776846587657928,0.1821104139089584,0.0062792563814148,3.36988933601919,0.08,0.04,0.24,0.8001319999999998
7,21-71,0.4217206058642649,0.008529237947010706,0.0,17.62020201,PSVDLMHQAVPYPSAPRKQRRERTTFTRSQLEELEALFAKTQYPDVYARE,19.828089406134406,"[0.8946, 0.8884, 0.8551, 0.8265, 0.8067, 0.791, 0.7835, 0.7825, 0.7754, 0.7598, 0.7457, 0.7467, 0.7525, 0.7677, 0.7633, 0.7506, 0.7395, 0.7225, 0.6952, 0.6596, 0.6148, 0.564, 0.5132, 0.4455, 0.3769, 0.3128, 0.263, 0.2301, 0.1867, 0.146, 0.1096, 0.0787, 0.0613, 0.0552, 0.0608, 0.0564, 0.0666, 0.1195, 0.1474, 0.2299, 0.2909, 0.3458, 0.3546, 0.3763, 0.3949, 0.406, 0.4186, 0.4573, 0.4702, 0.4448]",48.3885405225185,0.40538004,14,0.0199999999999999,0.3,0.2748314812779426,3.514,0.3073866069316864,0.2321660071611404,0.0817702785134315,-0.68082945068566,3.185123883249136,0.1,0.14,0.4,0.482092
10,41-91,0.47117505206115756,0.00788836987290065,4.502077299999996,6.608926887,RERTTFTRSQLEELEALFAKTQYPDVYAREEVALKINLPESRVQVWFKNR,19.630786521263385,"[0.7121, 0.6796, 0.617, 0.547, 0.4449, 0.3348, 0.26, 0.2127, 0.1696, 0.1321, 0.0893, 0.0538, 0.0449, 0.0334, 0.0245, 0.0213, 0.0289, 0.0357, 0.0422, 0.0878, 0.1027, 0.1101, 0.0928, 0.0824, 0.0766, 0.073, 0.0652, 0.0639, 0.0717, 0.0669, 0.0679, 0.0683, 0.0731, 0.0746, 0.0917, 0.1073, 0.1251, 0.1352, 0.1526, 0.1713, 0.1704, 0.1633, 0.1567, 0.1612, 0.1605, 0.1888, 0.2235, 0.2849, 0.342, 0.3299]",45.67112077890466,0.4188187,15,0.0199999999999999,0.34,0.1916825845837593,3.712,0.2373701483011245,0.1298752874135971,0.1113942340016365,-0.4921007545080744,3.2370627474398663,0.12,0.16,0.46,0.172504
11,61-111,0.40902690842690953,0.007737491109008535,0.0,19.24662659,TQYPDVYAREEVALKINLPESRVQVWFKNRRAKCRQQRQQQKQQQQPPGG,19.477474830994097,"[0.6932, 0.6521, 0.5347, 0.4507, 0.3745, 0.2894, 0.2169, 0.1885, 0.173, 0.1445, 0.13, 0.1113, 0.1053, 0.0939, 0.1057, 0.1095, 0.1322, 0.1363, 0.1438, 0.1356, 0.1186, 0.0986, 0.0737, 0.0653, 0.0452, 0.0646, 0.0651, 0.113, 0.1611, 0.1801, 0.1924, 0.2133, 0.2485, 0.3048, 0.37, 0.4412, 0.489, 0.5593, 0.6207, 0.6613, 0.6943, 0.725, 0.761, 0.797, 0.8398, 0.8882, 0.9206, 0.8828, 0.8826, 0.7845]",45.11884196300943,0.3996355,16,0.12,0.28,0.2989428788423538,3.006,0.433317631483078,0.6327207088470459,0.1743093430995941,0.0078795130940085,2.9719223234492262,0.08,0.08,0.2199999999999999,0.3636540000000001
12,81-131,0.3775594607859878,0.006931343913480724,0.0,22.22288577,SRVQVWFKNRRAKCRQQRQQQKQQQQPPGGQAKARPAKRKAGTSPRPSTD,21.23274945806184,"[0.677, 0.6651, 0.5988, 0.515, 0.4644, 0.4089, 0.3791, 0.3939, 0.433, 0.4359, 0.4511, 0.4617, 0.5179, 0.5824, 0.6216, 0.6439, 0.673, 0.702, 0.7218, 0.7478, 0.7701, 0.7941, 0.8164, 0.8472, 0.8791, 0.9307, 0.9631, 0.9453, 0.9546, 0.9425, 0.9241, 0.9181, 0.9124, 0.9131, 0.9347, 0.9127, 0.8897, 0.9129, 0.9187, 0.9283, 0.9264, 0.9442, 0.94, 0.9207, 0.9036, 0.8841, 0.8813, 0.8653, 0.8203, 0.7114]",50.29486608290139,0.44905382,17,0.26,0.3,0.2690709233283996,2.5780000000000003,0.5802438855171204,0.9045831561088562,1.0,5.527218409610559,2.77553117172035,0.04,0.02,0.1,0.7579879999999999
1,101-151,0.34914180481867124,0.002930926822461628,8.676189800000003,31.61406673,QKQQQQPPGGQAKARPAKRKAGTSPRPSTDVCPDPLGISDSYSPPLPGPS,21.23534570393011,"[0.7997, 0.9133, 0.9309, 0.9486, 0.9681, 0.9789, 0.986, 0.9693, 0.9769, 0.9672, 0.957, 0.9559, 0.9527, 0.9473, 0.958, 0.9453, 0.9327, 0.9439, 0.9427, 0.9506, 0.9441, 0.9515, 0.9419, 0.9315, 0.9066, 0.8958, 0.8811, 0.8815, 0.8722, 0.8601, 0.8387, 0.8142, 0.7886, 0.7902, 0.7676, 0.7936, 0.8154, 0.8191, 0.8224, 0.8294, 0.8291, 0.8374, 0.8426, 0.8165, 0.8047, 0.8168, 0.828, 0.8229, 0.7783, 0.6754]",53.17737334625846,0.43108472,18,0.08,0.2,0.4491221010684967,3.266,0.3862881958484649,0.5160457491874695,0.2608695924282074,-0.5069395034982124,3.376027356710344,0.02,0.06,0.16,0.8824439999999999
2,121-171,0.35123127113958075,0.0026654294214860396,26.4625489,17.65132032,AGTSPRPSTDVCPDPLGISDSYSPPLPGPSGSPTTAVATVSIWSPASESP,21.74146023371439,"[0.911, 0.9535, 0.9423, 0.939, 0.9205, 0.9088, 0.9025, 0.8917, 0.8833, 0.8743, 0.8523, 0.8219, 0.7981, 0.8049, 0.7862, 0.8117, 0.8332, 0.8339, 0.8351, 0.8381, 0.8437, 0.8407, 0.8375, 0.8163, 0.8283, 0.8439, 0.8552, 0.8761, 0.8806, 0.8871, 0.8894, 0.8937, 0.8862, 0.8957, 0.8911, 0.8864, 0.8752, 0.8646, 0.8437, 0.8271, 0.8042, 0.8077, 0.8103, 0.8131, 0.8088, 0.8497, 0.8457, 0.8354, 0.804, 0.651]",53.72555211673056,0.4473109,19,-0.06,0.1,0.3194330930709839,4.234,0.3037328720092773,0.2051094621419906,0.2236842811107635,0.1969562142593405,3.74914573403307,0.04,0.08,0.26,0.852694
3,141-191,0.3550309938351548,0.00631795714178777,75.50350780000002,37.15344728,SYSPPLPGPSGSPTTAVATVSIWSPASESPLPEAQRAGLVASGPSLTSAP,21.275166046403204,"[0.8805, 0.9218, 0.9133, 0.9124, 0.8939, 0.8875, 0.8853, 0.8983, 0.8891, 0.8956, 0.8953, 0.8979, 0.8871, 0.8905, 0.8879, 0.8874, 0.8772, 0.8674, 0.8547, 0.8437, 0.8235, 0.8272, 0.83, 0.8127, 0.8102, 0.8406, 0.8437, 0.8561, 0.8592, 0.8429, 0.8359, 0.8337, 0.8322, 0.8359, 0.8255, 0.8359, 0.8328, 0.8377, 0.8426, 0.8503, 0.85, 0.8421, 0.8418, 0.8448, 0.8474, 0.8488, 0.8676, 0.8491, 0.8022, 0.6346]",52.93864010930123,0.43899795,20,-0.02,0.06,0.4818062931299209,4.470000000000001,0.1716634631156921,0.2361479252576828,0.173819437623024,-0.0464881990963055,3.789004904639437,0.04,0.04,0.2399999999999999,0.8540759999999997
4,161-211,0.39980500157251136,0.003358281974651191,35.680265399999996,23.40182924,SIWSPASESPLPEAQRAGLVASGPSLTSAPYAMTYAPASAFCSSPSAYGS,20.424393134110176,"[0.8948, 0.9263, 0.8938, 0.8656, 0.8691, 0.8565, 0.8631, 0.8685, 0.8662, 0.8461, 0.8253, 0.8142, 0.8117, 0.8151, 0.8025, 0.8122, 0.8174, 0.8264, 0.8382, 0.8512, 0.849, 0.8344, 0.8322, 0.8439, 0.8494, 0.8481, 0.8591, 0.8456, 0.8438, 0.8259, 0.8274, 0.8415, 0.8399, 0.8513, 0.8485, 0.8506, 0.8401, 0.8492, 0.8507, 0.8612, 0.8576, 0.8761, 0.8644, 0.8652, 0.8511, 0.8552, 0.8494, 0.8702, 0.8484, 0.7526]",49.21136501662698,0.43591958,21,-0.02,0.06,0.4818064570426941,4.542,0.0801206827163696,0.2115257978439331,0.128916397690773,-0.0464881990963055,3.721454261005233,0.1,0.04,0.24,0.8469240000000002
5,181-231,0.43877760335505095,0.00507761244083507,24.79899599999999,19.31591532,ASGPSLTSAPYAMTYAPASAFCSSPSAYGSPSSYFSGLDPYLSPMVPQLG,20.42893150675783,"[0.836, 0.9115, 0.9156, 0.8938, 0.8855, 0.876, 0.8694, 0.861, 0.8609, 0.8394, 0.835, 0.8505, 0.851, 0.8653, 0.8583, 0.8587, 0.8542, 0.8532, 0.8591, 0.8772, 0.8707, 0.8962, 0.8892, 0.8832, 0.8693, 0.872, 0.8879, 0.88, 0.8835, 0.8802, 0.8723, 0.8769, 0.8859, 0.8816, 0.8746, 0.8669, 0.8702, 0.8574, 0.834, 0.8028, 0.8272, 0.8251, 0.812, 0.7935, 0.818, 0.8128, 0.7892, 0.7845, 0.7615, 0.6719]",49.21457154886168,0.4156211,22,-0.02,0.02,-1.0,4.6,0.1958905160427093,0.1356166899204254,0.0976289734244346,0.0,3.8751159401351,0.14,0.02,0.28,0.8528419999999997
6,201-251,0.4569529079966778,0.0036673036317788014,43.39488750000001,24.7385486,FCSSPSAYGSPSSYFSGLDPYLSPMVPQLGGPALSPLSGPSVGPSLAQSP,21.61050660364316,"[0.7979, 0.8769, 0.8646, 0.8475, 0.8476, 0.8416, 0.856, 0.8368, 0.8579, 0.8532, 0.8426, 0.8376, 0.8524, 0.8428, 0.8393, 0.8374, 0.8498, 0.8336, 0.8193, 0.7978, 0.8243, 0.8276, 0.8182, 0.8111, 0.8438, 0.8482, 0.8308, 0.8416, 0.8446, 0.8662, 0.8638, 0.8696, 0.8799, 0.8661, 0.8715, 0.8466, 0.8579, 0.8723, 0.8699, 0.8685, 0.8775, 0.8757, 0.8862, 0.8644, 0.8635, 0.861, 0.874, 0.8663, 0.8264, 0.6414]",51.62763372651289,0.44647804,23,-0.02,0.02,-1.0,4.5680000000000005,0.229443073272705,0.1960136890411377,0.1055359691381454,0.0,3.93236316168461,0.1,0.02,0.24,0.8458300000000001
8,221-271,0.42036932931396453,0.0045786972584527285,129.6389428,54.13433819,YLSPMVPQLGGPALSPLSGPSVGPSLAQSPTSLSGQSYGAYSPVDSLEFK,20.970338121611192,"[0.7483, 0.7939, 0.804, 0.8104, 0.8161, 0.8192, 0.8134, 0.8246, 0.8342, 0.8592, 0.863, 0.855, 0.8614, 0.8504, 0.8536, 0.8399, 0.8396, 0.8574, 0.8631, 0.8549, 0.8707, 0.8716, 0.8815, 0.8625, 0.874, 0.8711, 0.8796, 0.8593, 0.8547, 0.8431, 0.8532, 0.8618, 0.8573, 0.8615, 0.8617, 0.859, 0.8577, 0.8411, 0.8442, 0.834, 0.82, 0.7925, 0.7523, 0.7525, 0.7302, 0.7106, 0.6961, 0.6478, 0.6461, 0.5826]",51.27329336996422,0.45162067,24,-0.02,0.06,0.5160073637962341,4.486,0.091579720377922,0.1644198894500732,0.1271972209215164,-0.0383646146460801,3.8334343559034094,0.08,0.04,0.28,0.8198379999999997
9,241-291,0.5002595404207335,0.010448914160292418,3.8471745999999882,18.69242057,TSLSGQSYGAYSPVDSLEFKDPTGTWKFTYNPMDPLDYKDQSAWKFQIL,19.1737699508667,"[0.8414, 0.8562, 0.819, 0.8049, 0.8008, 0.767, 0.7314, 0.6894, 0.6759, 0.6154, 0.5418, 0.4953, 0.4517, 0.4245, 0.3798, 0.3519, 0.3227, 0.2737, 0.272, 0.2693, 0.2529, 0.2546, 0.2477, 0.2277, 0.1939, 0.1685, 0.1448, 0.1485, 0.1573, 0.1748, 0.1885, 0.1957, 0.2085, 0.196, 0.1899, 0.2032, 0.1927, 0.2045, 0.218, 0.2349, 0.2398, 0.2363, 0.2327, 0.2424, 0.232, 0.2537, 0.2481, 0.2765, 0.2855]",45.30823993682861,0.43094838,25,-0.0408163265306122,0.2040816326530612,0.1732243001461029,3.7857142857142856,0.3586637675762176,0.06370460242033,0.1450065225362777,-0.052880862328615,3.5616075763651533,0.183673469387755,0.1224489795918367,0.4693877551020408,0.3598714285714285
